anios_desde_doctorado,numero_publicaciones,indice_h_promedio,anios_docente,ha_ganado_premios,horas_clase_semana,entra_sni,respuesta_api
18,9,11.689680153233436,5,0,39,1,"{""probability"": 97.85, ""message"": ""La probabilidad de ingresar al SNI es del 97.85%.""}"
7,8,6.9337302315562575,11,0,40,1,"{""probability"": 54.94, ""message"": ""La probabilidad de ingresar al SNI es del 54.94%.""}"
33,3,5.751490446749678,4,1,13,1,"{""probability"": 95.92, ""message"": ""La probabilidad de ingresar al SNI es del 95.92%.""}"
7,7,8.113306787550613,12,0,47,1,"{""probability"": 58.96, ""message"": ""La probabilidad de ingresar al SNI es del 58.96%.""}"
11,9,11.931070720958935,18,0,28,1,"{""probability"": 97.65, ""message"": ""La probabilidad de ingresar al SNI es del 97.65%.""}"
22,7,10.64713867696714,19,0,22,1,"{""probability"": 95.37, ""message"": ""La probabilidad de ingresar al SNI es del 95.37%.""}"
24,5,6.095564737246366,18,0,25,1,"{""probability"": 46.99, ""message"": ""La probabilidad de ingresar al SNI es del 46.99%.""}"
15,5,2.429974190038893,14,1,29,1,"{""probability"": 74.94, ""message"": ""La probabilidad de ingresar al SNI es del 74.94%.""}"
32,2,6.086923030113152,11,0,17,1,"{""probability"": 27.91, ""message"": ""La probabilidad de ingresar al SNI es del 27.91%.""}"
30,5,9.58679008385658,11,1,20,1,"{""probability"": 99.73, ""message"": ""La probabilidad de ingresar al SNI es del 99.73%.""}"
27,4,2.017229166018576,17,0,30,1,"{""probability"": 7.47, ""message"": ""La probabilidad de ingresar al SNI es del 7.47%.""}"
6,13,10.326676571651214,8,0,37,1,"{""probability"": 98.29, ""message"": ""La probabilidad de ingresar al SNI es del 98.29%.""}"
5,3,4.603327846714448,17,0,25,1,"{""probability"": 4.0, ""message"": ""La probabilidad de ingresar al SNI es del 4.0%.""}"
22,6,5.6615013868546615,11,0,48,1,"{""probability"": 42.75, ""message"": ""La probabilidad de ingresar al SNI es del 42.75%.""}"
20,10,11.206833748050352,13,0,12,1,"{""probability"": 98.82, ""message"": ""La probabilidad de ingresar al SNI es del 98.82%.""}"
14,5,5.741263956173901,11,0,40,1,"{""probability"": 22.58, ""message"": ""La probabilidad de ingresar al SNI es del 22.58%.""}"
5,8,6.781886880272319,5,0,39,1,"{""probability"": 46.71, ""message"": ""La probabilidad de ingresar al SNI es del 46.71%.""}"
19,9,6.439031906052603,13,0,17,1,"{""probability"": 80.15, ""message"": ""La probabilidad de ingresar al SNI es del 80.15%.""}"
5,8,5.629122213591911,4,1,41,1,"{""probability"": 95.76, ""message"": ""La probabilidad de ingresar al SNI es del 95.76%.""}"
20,4,2.8146899812113864,7,0,21,0,"{""probability"": 6.02, ""message"": ""La probabilidad de ingresar al SNI es del 6.02%.""}"
30,7,6.238678796687135,12,0,20,1,"{""probability"": 76.51, ""message"": ""La probabilidad de ingresar al SNI es del 76.51%.""}"
24,11,6.931479209528455,18,0,43,1,"{""probability"": 94.59, ""message"": ""La probabilidad de ingresar al SNI es del 94.59%.""}"
19,9,4.183059992393122,19,1,29,1,"{""probability"": 98.45, ""message"": ""La probabilidad de ingresar al SNI es del 98.45%.""}"
34,6,10.256514047660064,11,0,45,1,"{""probability"": 95.25, ""message"": ""La probabilidad de ingresar al SNI es del 95.25%.""}"
9,8,6.945765479488367,14,1,44,1,"{""probability"": 98.62, ""message"": ""La probabilidad de ingresar al SNI es del 98.62%.""}"
5,4,4.385685531455106,12,0,15,1,"{""probability"": 5.23, ""message"": ""La probabilidad de ingresar al SNI es del 5.23%.""}"
21,7,3.0036397313730747,3,0,13,1,"{""probability"": 21.46, ""message"": ""La probabilidad de ingresar al SNI es del 21.46%.""}"
9,11,7.7782696747451965,17,0,29,1,"{""probability"": 90.57, ""message"": ""La probabilidad de ingresar al SNI es del 90.57%.""}"
22,4,6.78566979038204,9,0,40,1,"{""probability"": 35.92, ""message"": ""La probabilidad de ingresar al SNI es del 35.92%.""}"
28,8,9.152245719613074,8,0,11,1,"{""probability"": 95.11, ""message"": ""La probabilidad de ingresar al SNI es del 95.11%.""}"
8,7,11.88330979827052,3,0,15,1,"{""probability"": 91.64, ""message"": ""La probabilidad de ingresar al SNI es del 91.64%.""}"
7,4,4.0043296235795935,14,0,48,1,"{""probability"": 4.43, ""message"": ""La probabilidad de ingresar al SNI es del 4.43%.""}"
25,9,9.331610574091124,10,0,36,1,"{""probability"": 96.08, ""message"": ""La probabilidad de ingresar al SNI es del 96.08%.""}"
12,7,6.315101834319865,13,0,40,1,"{""probability"": 45.91, ""message"": ""La probabilidad de ingresar al SNI es del 45.91%.""}"
7,4,5.953122764128624,8,0,47,1,"{""probability"": 10.37, ""message"": ""La probabilidad de ingresar al SNI es del 10.37%.""}"
25,6,4.889682736185418,12,1,35,1,"{""probability"": 97.02, ""message"": ""La probabilidad de ingresar al SNI es del 97.02%.""}"
20,6,5.57552227755782,12,0,16,1,"{""probability"": 42.26, ""message"": ""La probabilidad de ingresar al SNI es del 42.26%.""}"
29,11,3.178535234363788,5,0,19,1,"{""probability"": 75.71, ""message"": ""La probabilidad de ingresar al SNI es del 75.71%.""}"
34,12,6.553932160530784,16,0,21,1,"{""probability"": 98.01, ""message"": ""La probabilidad de ingresar al SNI es del 98.01%.""}"
21,6,7.87576022252496,10,0,18,1,"{""probability"": 71.47, ""message"": ""La probabilidad de ingresar al SNI es del 71.47%.""}"
12,6,4.795424763557705,16,0,28,1,"{""probability"": 21.66, ""message"": ""La probabilidad de ingresar al SNI es del 21.66%.""}"
14,8,6.536721407365061,5,0,27,1,"{""probability"": 61.09, ""message"": ""La probabilidad de ingresar al SNI es del 61.09%.""}"
8,8,6.720386552310147,4,0,25,1,"{""probability"": 52.55, ""message"": ""La probabilidad de ingresar al SNI es del 52.55%.""}"
33,7,8.59599517482046,19,0,14,1,"{""probability"": 94.21, ""message"": ""La probabilidad de ingresar al SNI es del 94.21%.""}"
33,6,7.835281216099054,6,0,20,1,"{""probability"": 84.37, ""message"": ""La probabilidad de ingresar al SNI es del 84.37%.""}"
25,8,11.434855899426749,11,1,42,1,"{""probability"": 99.96, ""message"": ""La probabilidad de ingresar al SNI es del 99.96%.""}"
11,13,7.260611820626918,5,0,13,1,"{""probability"": 94.63, ""message"": ""La probabilidad de ingresar al SNI es del 94.63%.""}"
6,7,8.073475916876877,18,0,26,1,"{""probability"": 61.74, ""message"": ""La probabilidad de ingresar al SNI es del 61.74%.""}"
26,1,7.306005367683051,13,0,30,1,"{""probability"": 22.97, ""message"": ""La probabilidad de ingresar al SNI es del 22.97%.""}"
27,9,5.451007624155404,5,0,36,1,"{""probability"": 77.26, ""message"": ""La probabilidad de ingresar al SNI es del 77.26%.""}"
32,5,3.621987809209285,8,1,12,1,"{""probability"": 94.91, ""message"": ""La probabilidad de ingresar al SNI es del 94.91%.""}"
7,12,2.1638529045655512,5,1,45,1,"{""probability"": 96.09, ""message"": ""La probabilidad de ingresar al SNI es del 96.09%.""}"
6,7,4.220574979453293,11,1,49,1,"{""probability"": 89.14, ""message"": ""La probabilidad de ingresar al SNI es del 89.14%.""}"
17,7,7.583037586386526,13,0,28,1,"{""probability"": 71.51, ""message"": ""La probabilidad de ingresar al SNI es del 71.51%.""}"
13,6,2.2745845983536577,19,1,38,1,"{""probability"": 79.51, ""message"": ""La probabilidad de ingresar al SNI es del 79.51%.""}"
8,8,5.178664758863855,8,0,34,1,"{""probability"": 33.76, ""message"": ""La probabilidad de ingresar al SNI es del 33.76%.""}"
15,10,2.409936499419168,15,0,26,1,"{""probability"": 36.09, ""message"": ""La probabilidad de ingresar al SNI es del 36.09%.""}"
10,9,8.865682754557863,3,0,41,1,"{""probability"": 84.74, ""message"": ""La probabilidad de ingresar al SNI es del 84.74%.""}"
5,7,7.134588801603876,18,0,38,1,"{""probability"": 46.44, ""message"": ""La probabilidad de ingresar al SNI es del 46.44%.""}"
16,11,10.92309590881737,8,1,32,1,"{""probability"": 99.97, ""message"": ""La probabilidad de ingresar al SNI es del 99.97%.""}"
7,3,8.296157906003303,5,1,22,1,"{""probability"": 92.93, ""message"": ""La probabilidad de ingresar al SNI es del 92.93%.""}"
31,10,9.039849884604884,8,1,31,1,"{""probability"": 99.96, ""message"": ""La probabilidad de ingresar al SNI es del 99.96%.""}"
15,6,10.822272184036022,8,0,32,1,"{""probability"": 87.22, ""message"": ""La probabilidad de ingresar al SNI es del 87.22%.""}"
27,8,10.96620177056631,19,1,42,1,"{""probability"": 99.96, ""message"": ""La probabilidad de ingresar al SNI es del 99.96%.""}"
18,9,5.687175633475661,18,0,18,1,"{""probability"": 73.43, ""message"": ""La probabilidad de ingresar al SNI es del 73.43%.""}"
23,11,7.8484250490410385,5,1,35,1,"{""probability"": 99.9, ""message"": ""La probabilidad de ingresar al SNI es del 99.9%.""}"
9,11,6.035459546880974,4,0,28,1,"{""probability"": 75.35, ""message"": ""La probabilidad de ingresar al SNI es del 75.35%.""}"
20,9,7.663963133023534,12,0,37,1,"{""probability"": 88.04, ""message"": ""La probabilidad de ingresar al SNI es del 88.04%.""}"
16,6,11.41195403787056,13,0,26,1,"{""probability"": 91.85, ""message"": ""La probabilidad de ingresar al SNI es del 91.85%.""}"
32,7,11.931618153300109,13,1,25,1,"{""probability"": 99.97, ""message"": ""La probabilidad de ingresar al SNI es del 99.97%.""}"
34,6,6.717219125930506,7,1,17,1,"{""probability"": 99.39, ""message"": ""La probabilidad de ingresar al SNI es del 99.39%.""}"
17,4,2.6455121104818384,10,0,13,1,"{""probability"": 4.92, ""message"": ""La probabilidad de ingresar al SNI es del 4.92%.""}"
25,10,11.599411443105335,6,0,48,1,"{""probability"": 99.09, ""message"": ""La probabilidad de ingresar al SNI es del 99.09%.""}"
11,5,3.184975627064678,4,0,16,1,"{""probability"": 5.72, ""message"": ""La probabilidad de ingresar al SNI es del 5.72%.""}"
18,7,2.243923796786949,7,0,23,1,"{""probability"": 13.15, ""message"": ""La probabilidad de ingresar al SNI es del 13.15%.""}"
24,8,8.986243841698414,16,0,22,1,"{""probability"": 93.61, ""message"": ""La probabilidad de ingresar al SNI es del 93.61%.""}"
31,9,10.490776722121534,18,1,39,1,"{""probability"": 99.97, ""message"": ""La probabilidad de ingresar al SNI es del 99.97%.""}"
21,8,8.176593151946683,9,1,33,1,"{""probability"": 99.68, ""message"": ""La probabilidad de ingresar al SNI es del 99.68%.""}"
11,10,7.93673517213693,17,0,25,1,"{""probability"": 88.81, ""message"": ""La probabilidad de ingresar al SNI es del 88.81%.""}"
19,6,5.285970240613242,18,1,43,1,"{""probability"": 96.53, ""message"": ""La probabilidad de ingresar al SNI es del 96.53%.""}"
25,8,8.257154066460968,8,0,36,1,"{""probability"": 89.69, ""message"": ""La probabilidad de ingresar al SNI es del 89.69%.""}"
12,10,10.24661474019435,10,0,40,1,"{""probability"": 95.9, ""message"": ""La probabilidad de ingresar al SNI es del 95.9%.""}"
16,4,5.268456047703813,7,0,17,1,"{""probability"": 14.98, ""message"": ""La probabilidad de ingresar al SNI es del 14.98%.""}"
27,6,6.608191548253223,13,0,18,1,"{""probability"": 67.83, ""message"": ""La probabilidad de ingresar al SNI es del 67.83%.""}"
12,14,8.422150369323,8,1,26,1,"{""probability"": 99.96, ""message"": ""La probabilidad de ingresar al SNI es del 99.96%.""}"
6,5,9.81622873977494,7,1,17,1,"{""probability"": 98.57, ""message"": ""La probabilidad de ingresar al SNI es del 98.57%.""}"
16,5,8.376207589931937,5,0,28,1,"{""probability"": 55.95, ""message"": ""La probabilidad de ingresar al SNI es del 55.95%.""}"
31,4,3.5721308246524424,10,1,37,1,"{""probability"": 90.94, ""message"": ""La probabilidad de ingresar al SNI es del 90.94%.""}"
10,10,7.298228172127941,12,0,17,1,"{""probability"": 83.36, ""message"": ""La probabilidad de ingresar al SNI es del 83.36%.""}"
28,6,6.353774330980534,7,0,29,1,"{""probability"": 62.79, ""message"": ""La probabilidad de ingresar al SNI es del 62.79%.""}"
30,4,8.455357354973094,9,1,31,1,"{""probability"": 99.18, ""message"": ""La probabilidad de ingresar al SNI es del 99.18%.""}"
23,8,8.459880324294152,16,0,25,1,"{""probability"": 91.07, ""message"": ""La probabilidad de ingresar al SNI es del 91.07%.""}"
25,4,2.9741687891941475,15,0,39,1,"{""probability"": 9.61, ""message"": ""La probabilidad de ingresar al SNI es del 9.61%.""}"
29,6,3.386567853975963,18,0,19,1,"{""probability"": 33.01, ""message"": ""La probabilidad de ingresar al SNI es del 33.01%.""}"
22,6,2.875165833119156,18,0,28,1,"{""probability"": 17.84, ""message"": ""La probabilidad de ingresar al SNI es del 17.84%.""}"
17,5,2.9590035751940973,16,0,35,1,"{""probability"": 8.67, ""message"": ""La probabilidad de ingresar al SNI es del 8.67%.""}"
23,3,7.243064246567027,10,0,20,0,"{""probability"": 35.62, ""message"": ""La probabilidad de ingresar al SNI es del 35.62%.""}"
22,5,2.0273075663879108,19,0,36,1,"{""probability"": 8.1, ""message"": ""La probabilidad de ingresar al SNI es del 8.1%.""}"
6,6,9.82775147468586,14,0,23,1,"{""probability"": 71.08, ""message"": ""La probabilidad de ingresar al SNI es del 71.08%.""}"
24,5,7.686535841646024,13,0,27,1,"{""probability"": 64.82, ""message"": ""La probabilidad de ingresar al SNI es del 64.82%.""}"
17,8,9.210298600288851,6,0,13,1,"{""probability"": 89.59, ""message"": ""La probabilidad de ingresar al SNI es del 89.59%.""}"
26,5,6.805944053442302,10,1,27,1,"{""probability"": 98.4, ""message"": ""La probabilidad de ingresar al SNI es del 98.4%.""}"
14,6,11.06689452069881,10,0,26,1,"{""probability"": 88.51, ""message"": ""La probabilidad de ingresar al SNI es del 88.51%.""}"
21,8,10.228227779001536,14,0,42,1,"{""probability"": 95.19, ""message"": ""La probabilidad de ingresar al SNI es del 95.19%.""}"
29,1,6.98341370993444,17,0,45,1,"{""probability"": 23.89, ""message"": ""La probabilidad de ingresar al SNI es del 23.89%.""}"
32,5,4.442017530423715,14,0,16,1,"{""probability"": 39.3, ""message"": ""La probabilidad de ingresar al SNI es del 39.3%.""}"
22,7,3.2649196418432576,11,1,39,1,"{""probability"": 94.35, ""message"": ""La probabilidad de ingresar al SNI es del 94.35%.""}"
27,5,10.430764856612589,12,0,28,1,"{""probability"": 90.4, ""message"": ""La probabilidad de ingresar al SNI es del 90.4%.""}"
8,5,8.76873142992108,6,1,46,1,"{""probability"": 97.53, ""message"": ""La probabilidad de ingresar al SNI es del 97.53%.""}"
8,6,4.651718003383211,16,0,34,1,"{""probability"": 15.71, ""message"": ""La probabilidad de ingresar al SNI es del 15.71%.""}"
16,6,9.261001935481564,8,0,42,1,"{""probability"": 75.57, ""message"": ""La probabilidad de ingresar al SNI es del 75.57%.""}"
26,3,5.079769091387611,6,0,17,1,"{""probability"": 17.29, ""message"": ""La probabilidad de ingresar al SNI es del 17.29%.""}"
30,5,4.547751099315611,14,0,32,1,"{""probability"": 35.42, ""message"": ""La probabilidad de ingresar al SNI es del 35.42%.""}"
12,4,9.391837769447855,14,0,25,1,"{""probability"": 55.5, ""message"": ""La probabilidad de ingresar al SNI es del 55.5%.""}"
14,6,9.395376725971005,8,1,16,1,"{""probability"": 99.37, ""message"": ""La probabilidad de ingresar al SNI es del 99.37%.""}"
7,8,10.238698996564306,4,0,32,1,"{""probability"": 86.26, ""message"": ""La probabilidad de ingresar al SNI es del 86.26%.""}"
8,7,10.497774882912758,19,0,23,1,"{""probability"": 87.27, ""message"": ""La probabilidad de ingresar al SNI es del 87.27%.""}"
16,15,7.467574934222864,16,0,48,1,"{""probability"": 98.6, ""message"": ""La probabilidad de ingresar al SNI es del 98.6%.""}"
8,5,4.579685078513152,13,0,25,1,"{""probability"": 10.27, ""message"": ""La probabilidad de ingresar al SNI es del 10.27%.""}"
24,10,8.055241818366396,17,0,24,1,"{""probability"": 95.62, ""message"": ""La probabilidad de ingresar al SNI es del 95.62%.""}"
29,3,4.989224525873397,16,0,39,1,"{""probability"": 21.15, ""message"": ""La probabilidad de ingresar al SNI es del 21.15%.""}"
11,3,9.928871080980578,19,0,44,1,"{""probability"": 49.81, ""message"": ""La probabilidad de ingresar al SNI es del 49.81%.""}"
14,6,3.189269600646714,5,0,12,1,"{""probability"": 10.85, ""message"": ""La probabilidad de ingresar al SNI es del 10.85%.""}"
28,3,5.263800462283796,5,0,48,1,"{""probability"": 18.41, ""message"": ""La probabilidad de ingresar al SNI es del 18.41%.""}"
19,2,2.380012960425565,18,0,31,1,"{""probability"": 2.25, ""message"": ""La probabilidad de ingresar al SNI es del 2.25%.""}"
11,5,6.4545099884752695,17,0,33,1,"{""probability"": 28.22, ""message"": ""La probabilidad de ingresar al SNI es del 28.22%.""}"
24,5,3.400481059171814,12,0,38,1,"{""probability"": 15.42, ""message"": ""La probabilidad de ingresar al SNI es del 15.42%.""}"
30,12,11.726741733814045,10,0,47,1,"{""probability"": 99.77, ""message"": ""La probabilidad de ingresar al SNI es del 99.77%.""}"
11,10,5.557391527478021,18,0,40,1,"{""probability"": 68.43, ""message"": ""La probabilidad de ingresar al SNI es del 68.43%.""}"
17,14,9.898697198458038,19,0,37,1,"{""probability"": 99.49, ""message"": ""La probabilidad de ingresar al SNI es del 99.49%.""}"
27,7,10.286789623468032,5,1,25,1,"{""probability"": 99.89, ""message"": ""La probabilidad de ingresar al SNI es del 99.89%.""}"
32,4,2.9203326320661533,13,1,11,1,"{""probability"": 90.17, ""message"": ""La probabilidad de ingresar al SNI es del 90.17%.""}"
11,4,8.686340432730141,4,1,21,1,"{""probability"": 97.06, ""message"": ""La probabilidad de ingresar al SNI es del 97.06%.""}"
22,7,5.442572534502256,15,0,34,1,"{""probability"": 54.28, ""message"": ""La probabilidad de ingresar al SNI es del 54.28%.""}"
34,9,4.9809963618835935,11,1,37,1,"{""probability"": 99.58, ""message"": ""La probabilidad de ingresar al SNI es del 99.58%.""}"
19,8,9.544005131928913,4,0,39,1,"{""probability"": 90.99, ""message"": ""La probabilidad de ingresar al SNI es del 90.99%.""}"
15,6,4.542671518395965,12,0,48,1,"{""probability"": 20.3, ""message"": ""La probabilidad de ingresar al SNI es del 20.3%.""}"
8,4,5.098431139006013,15,0,21,1,"{""probability"": 9.29, ""message"": ""La probabilidad de ingresar al SNI es del 9.29%.""}"
25,8,9.567699846406832,4,1,44,1,"{""probability"": 99.87, ""message"": ""La probabilidad de ingresar al SNI es del 99.87%.""}"
8,7,5.495533039049514,18,0,14,1,"{""probability"": 33.89, ""message"": ""La probabilidad de ingresar al SNI es del 33.89%.""}"
6,7,5.9244105402262,12,1,15,1,"{""probability"": 95.99, ""message"": ""La probabilidad de ingresar al SNI es del 95.99%.""}"
20,6,9.40971041110416,19,0,46,1,"{""probability"": 84.29, ""message"": ""La probabilidad de ingresar al SNI es del 84.29%.""}"
18,4,3.384654588991112,16,0,48,1,"{""probability"": 7.18, ""message"": ""La probabilidad de ingresar al SNI es del 7.18%.""}"
21,6,8.92872977577576,14,0,22,1,"{""probability"": 82.1, ""message"": ""La probabilidad de ingresar al SNI es del 82.1%.""}"
10,9,5.231428910038664,13,1,20,1,"{""probability"": 98.16, ""message"": ""La probabilidad de ingresar al SNI es del 98.16%.""}"
13,10,10.441050416602776,9,0,26,1,"{""probability"": 96.7, ""message"": ""La probabilidad de ingresar al SNI es del 96.7%.""}"
18,5,8.18352360032237,4,0,44,1,"{""probability"": 54.72, ""message"": ""La probabilidad de ingresar al SNI es del 54.72%.""}"
27,6,2.076742434212348,13,0,41,1,"{""probability"": 15.0, ""message"": ""La probabilidad de ingresar al SNI es del 15.0%.""}"
19,9,3.321843691411526,7,1,49,1,"{""probability"": 96.72, ""message"": ""La probabilidad de ingresar al SNI es del 96.72%.""}"
20,8,9.50510559400226,14,0,46,1,"{""probability"": 92.52, ""message"": ""La probabilidad de ingresar al SNI es del 92.52%.""}"
32,11,4.197944891457175,18,0,18,1,"{""probability"": 89.39, ""message"": ""La probabilidad de ingresar al SNI es del 89.39%.""}"
13,8,2.1704854837660355,19,0,37,1,"{""probability"": 15.48, ""message"": ""La probabilidad de ingresar al SNI es del 15.48%.""}"
30,10,9.3843319956263,10,0,40,1,"{""probability"": 98.22, ""message"": ""La probabilidad de ingresar al SNI es del 98.22%.""}"
18,7,8.725772565590844,14,1,36,1,"{""probability"": 99.57, ""message"": ""La probabilidad de ingresar al SNI es del 99.57%.""}"
22,3,4.232694280031168,8,0,21,1,"{""probability"": 9.27, ""message"": ""La probabilidad de ingresar al SNI es del 9.27%.""}"
5,9,8.2590151674478,17,1,37,1,"{""probability"": 99.45, ""message"": ""La probabilidad de ingresar al SNI es del 99.45%.""}"
8,8,8.271879931623095,10,0,29,1,"{""probability"": 73.21, ""message"": ""La probabilidad de ingresar al SNI es del 73.21%.""}"
34,7,11.393851189212588,4,0,30,1,"{""probability"": 98.16, ""message"": ""La probabilidad de ingresar al SNI es del 98.16%.""}"
6,2,2.977425381326098,14,1,46,1,"{""probability"": 33.9, ""message"": ""La probabilidad de ingresar al SNI es del 33.9%.""}"
24,3,3.714400314193795,18,0,29,1,"{""probability"": 9.43, ""message"": ""La probabilidad de ingresar al SNI es del 9.43%.""}"
9,9,5.021442564344065,3,1,26,1,"{""probability"": 97.29, ""message"": ""La probabilidad de ingresar al SNI es del 97.29%.""}"
12,6,9.664371666726415,15,0,25,1,"{""probability"": 77.88, ""message"": ""La probabilidad de ingresar al SNI es del 77.88%.""}"
34,6,6.718889190305443,19,0,36,1,"{""probability"": 79.2, ""message"": ""La probabilidad de ingresar al SNI es del 79.2%.""}"
11,7,5.681880752558325,4,0,22,1,"{""probability"": 34.36, ""message"": ""La probabilidad de ingresar al SNI es del 34.36%.""}"
33,5,5.813394380761715,6,1,38,1,"{""probability"": 98.17, ""message"": ""La probabilidad de ingresar al SNI es del 98.17%.""}"
6,6,7.080681959784535,11,0,31,1,"{""probability"": 34.72, ""message"": ""La probabilidad de ingresar al SNI es del 34.72%.""}"
25,9,5.249121325850717,13,0,46,1,"{""probability"": 74.48, ""message"": ""La probabilidad de ingresar al SNI es del 74.48%.""}"
17,8,8.817300106410894,18,0,13,1,"{""probability"": 89.73, ""message"": ""La probabilidad de ingresar al SNI es del 89.73%.""}"
8,6,2.2513248025075807,5,0,42,1,"{""probability"": 4.01, ""message"": ""La probabilidad de ingresar al SNI es del 4.01%.""}"
17,8,7.978011096257816,13,0,34,1,"{""probability"": 82.3, ""message"": ""La probabilidad de ingresar al SNI es del 82.3%.""}"
24,4,5.60452043402652,19,1,24,1,"{""probability"": 95.64, ""message"": ""La probabilidad de ingresar al SNI es del 95.64%.""}"
12,7,6.7889936324552735,17,1,19,1,"{""probability"": 98.43, ""message"": ""La probabilidad de ingresar al SNI es del 98.43%.""}"
11,7,9.530044427326263,13,0,33,1,"{""probability"": 81.44, ""message"": ""La probabilidad de ingresar al SNI es del 81.44%.""}"
29,10,2.354901182159169,14,0,49,1,"{""probability"": 57.2, ""message"": ""La probabilidad de ingresar al SNI es del 57.2%.""}"
11,8,4.165741318710829,3,0,25,1,"{""probability"": 26.21, ""message"": ""La probabilidad de ingresar al SNI es del 26.21%.""}"
18,10,7.11443041999815,12,0,46,1,"{""probability"": 87.64, ""message"": ""La probabilidad de ingresar al SNI es del 87.64%.""}"
33,8,8.172762816858917,3,1,44,1,"{""probability"": 99.84, ""message"": ""La probabilidad de ingresar al SNI es del 99.84%.""}"
17,3,3.851468799546605,19,0,24,1,"{""probability"": 6.56, ""message"": ""La probabilidad de ingresar al SNI es del 6.56%.""}"
25,7,3.950655608554163,16,0,20,1,"{""probability"": 42.4, ""message"": ""La probabilidad de ingresar al SNI es del 42.4%.""}"
9,6,8.238037541920043,4,0,30,1,"{""probability"": 51.72, ""message"": ""La probabilidad de ingresar al SNI es del 51.72%.""}"
28,8,9.237675222974469,14,0,15,1,"{""probability"": 95.7, ""message"": ""La probabilidad de ingresar al SNI es del 95.7%.""}"
21,10,6.499077391874692,18,0,25,1,"{""probability"": 88.74, ""message"": ""La probabilidad de ingresar al SNI es del 88.74%.""}"
5,11,6.459100539202617,7,1,48,1,"{""probability"": 99.25, ""message"": ""La probabilidad de ingresar al SNI es del 99.25%.""}"
30,6,6.001661566158199,17,1,43,1,"{""probability"": 98.88, ""message"": ""La probabilidad de ingresar al SNI es del 98.88%.""}"
13,9,4.52445151803157,18,0,38,1,"{""probability"": 48.74, ""message"": ""La probabilidad de ingresar al SNI es del 48.74%.""}"
29,1,11.855897309270834,7,0,43,1,"{""probability"": 77.16, ""message"": ""La probabilidad de ingresar al SNI es del 77.16%.""}"
25,6,8.258655922760388,10,0,38,1,"{""probability"": 78.82, ""message"": ""La probabilidad de ingresar al SNI es del 78.82%.""}"
31,5,5.562606530427509,13,1,42,1,"{""probability"": 97.85, ""message"": ""La probabilidad de ingresar al SNI es del 97.85%.""}"
31,9,4.558126837341269,14,0,13,1,"{""probability"": 78.93, ""message"": ""La probabilidad de ingresar al SNI es del 78.93%.""}"
18,6,4.513986746523052,3,0,10,1,"{""probability"": 24.06, ""message"": ""La probabilidad de ingresar al SNI es del 24.06%.""}"
18,8,5.174526839291217,13,0,33,1,"{""probability"": 53.67, ""message"": ""La probabilidad de ingresar al SNI es del 53.67%.""}"
13,5,7.54689629664992,14,0,32,1,"{""probability"": 43.37, ""message"": ""La probabilidad de ingresar al SNI es del 43.37%.""}"
19,10,7.8167540693340225,19,0,14,1,"{""probability"": 93.58, ""message"": ""La probabilidad de ingresar al SNI es del 93.58%.""}"
11,11,8.617119262885412,15,0,42,1,"{""probability"": 93.98, ""message"": ""La probabilidad de ingresar al SNI es del 93.98%.""}"
6,6,2.2372861134191395,3,0,31,1,"{""probability"": 3.51, ""message"": ""La probabilidad de ingresar al SNI es del 3.51%.""}"
11,9,7.768200125070772,17,0,31,1,"{""probability"": 82.0, ""message"": ""La probabilidad de ingresar al SNI es del 82.0%.""}"
13,0,7.814687145820551,4,0,45,1,"{""probability"": 7.15, ""message"": ""La probabilidad de ingresar al SNI es del 7.15%.""}"
28,4,11.192657240732276,10,0,34,1,"{""probability"": 90.11, ""message"": ""La probabilidad de ingresar al SNI es del 90.11%.""}"
15,7,4.315457346703513,19,0,24,1,"{""probability"": 30.87, ""message"": ""La probabilidad de ingresar al SNI es del 30.87%.""}"
17,6,2.4330534973773768,9,0,13,1,"{""probability"": 9.84, ""message"": ""La probabilidad de ingresar al SNI es del 9.84%.""}"
17,2,11.457415000783218,17,0,34,1,"{""probability"": 69.01, ""message"": ""La probabilidad de ingresar al SNI es del 69.01%.""}"
30,9,7.633361225045622,13,0,23,1,"{""probability"": 94.22, ""message"": ""La probabilidad de ingresar al SNI es del 94.22%.""}"
15,9,3.0402766055644728,5,0,27,1,"{""probability"": 29.57, ""message"": ""La probabilidad de ingresar al SNI es del 29.57%.""}"
32,4,5.26177916019578,16,0,20,1,"{""probability"": 39.5, ""message"": ""La probabilidad de ingresar al SNI es del 39.5%.""}"
22,7,5.914953523888315,19,1,40,1,"{""probability"": 98.72, ""message"": ""La probabilidad de ingresar al SNI es del 98.72%.""}"
12,9,9.679757451774172,13,0,14,1,"{""probability"": 93.07, ""message"": ""La probabilidad de ingresar al SNI es del 93.07%.""}"
18,12,4.64322889243039,14,1,24,1,"{""probability"": 99.62, ""message"": ""La probabilidad de ingresar al SNI es del 99.62%.""}"
17,9,11.497180114795494,17,0,38,1,"{""probability"": 97.96, ""message"": ""La probabilidad de ingresar al SNI es del 97.96%.""}"
32,6,7.723539582716759,13,0,10,1,"{""probability"": 84.95, ""message"": ""La probabilidad de ingresar al SNI es del 84.95%.""}"
6,12,2.9521625851430127,15,0,29,1,"{""probability"": 48.02, ""message"": ""La probabilidad de ingresar al SNI es del 48.02%.""}"
28,8,7.075323122052323,18,0,12,1,"{""probability"": 88.69, ""message"": ""La probabilidad de ingresar al SNI es del 88.69%.""}"
14,8,7.837462836170849,14,0,37,1,"{""probability"": 77.71, ""message"": ""La probabilidad de ingresar al SNI es del 77.71%.""}"
19,5,11.58749526531535,7,0,48,1,"{""probability"": 88.89, ""message"": ""La probabilidad de ingresar al SNI es del 88.89%.""}"
29,4,11.121162666174078,5,0,33,0,"{""probability"": 89.65, ""message"": ""La probabilidad de ingresar al SNI es del 89.65%.""}"
28,10,11.405844749675929,18,0,22,1,"{""probability"": 99.43, ""message"": ""La probabilidad de ingresar al SNI es del 99.43%.""}"
6,2,8.47017467047161,3,0,41,1,"{""probability"": 13.57, ""message"": ""La probabilidad de ingresar al SNI es del 13.57%.""}"
8,9,8.427787015656175,11,0,19,1,"{""probability"": 83.07, ""message"": ""La probabilidad de ingresar al SNI es del 83.07%.""}"
22,15,8.846254925195339,12,0,40,1,"{""probability"": 99.54, ""message"": ""La probabilidad de ingresar al SNI es del 99.54%.""}"
29,7,2.489771189023671,7,0,10,1,"{""probability"": 28.96, ""message"": ""La probabilidad de ingresar al SNI es del 28.96%.""}"
19,7,4.643953550636965,17,1,22,1,"{""probability"": 97.1, ""message"": ""La probabilidad de ingresar al SNI es del 97.1%.""}"
28,6,4.546519695829613,7,1,30,1,"{""probability"": 96.93, ""message"": ""La probabilidad de ingresar al SNI es del 96.93%.""}"
10,9,9.811615439495409,10,0,35,1,"{""probability"": 91.42, ""message"": ""La probabilidad de ingresar al SNI es del 91.42%.""}"
6,3,3.7057228835540936,11,1,25,1,"{""probability"": 54.9, ""message"": ""La probabilidad de ingresar al SNI es del 54.9%.""}"
23,5,9.437708177855963,17,0,30,1,"{""probability"": 81.96, ""message"": ""La probabilidad de ingresar al SNI es del 81.96%.""}"
10,10,6.179428325700138,4,1,14,1,"{""probability"": 99.16, ""message"": ""La probabilidad de ingresar al SNI es del 99.16%.""}"
7,4,4.709355081941106,12,1,36,1,"{""probability"": 76.83, ""message"": ""La probabilidad de ingresar al SNI es del 76.83%.""}"
23,8,11.038631699279817,8,0,49,1,"{""probability"": 96.81, ""message"": ""La probabilidad de ingresar al SNI es del 96.81%.""}"
19,9,5.021557893107186,7,0,14,1,"{""probability"": 63.6, ""message"": ""La probabilidad de ingresar al SNI es del 63.6%.""}"
18,7,9.73454377800089,16,1,48,1,"{""probability"": 99.74, ""message"": ""La probabilidad de ingresar al SNI es del 99.74%.""}"
30,4,9.5827840815105,9,0,16,1,"{""probability"": 82.92, ""message"": ""La probabilidad de ingresar al SNI es del 82.92%.""}"
8,10,5.76473344147568,9,0,46,1,"{""probability"": 61.55, ""message"": ""La probabilidad de ingresar al SNI es del 61.55%.""}"
23,6,5.259175880343706,5,0,16,1,"{""probability"": 40.42, ""message"": ""La probabilidad de ingresar al SNI es del 40.42%.""}"
32,5,2.0351112205331114,19,0,45,1,"{""probability"": 14.93, ""message"": ""La probabilidad de ingresar al SNI es del 14.93%.""}"
19,5,6.63080471364786,11,0,28,1,"{""probability"": 41.43, ""message"": ""La probabilidad de ingresar al SNI es del 41.43%.""}"
27,9,3.7763468541815417,19,1,33,1,"{""probability"": 98.9, ""message"": ""La probabilidad de ingresar al SNI es del 98.9%.""}"
28,5,2.108926478995448,16,0,29,1,"{""probability"": 12.22, ""message"": ""La probabilidad de ingresar al SNI es del 12.22%.""}"
14,1,8.157969614708634,18,0,36,1,"{""probability"": 17.17, ""message"": ""La probabilidad de ingresar al SNI es del 17.17%.""}"
22,6,3.255659910661288,6,0,15,1,"{""probability"": 18.45, ""message"": ""La probabilidad de ingresar al SNI es del 18.45%.""}"
8,4,5.062460003450856,9,0,17,1,"{""probability"": 8.4, ""message"": ""La probabilidad de ingresar al SNI es del 8.4%.""}"
16,6,9.144001771914851,17,0,33,1,"{""probability"": 78.17, ""message"": ""La probabilidad de ingresar al SNI es del 78.17%.""}"
31,7,9.450385835177295,19,0,31,1,"{""probability"": 95.3, ""message"": ""La probabilidad de ingresar al SNI es del 95.3%.""}"
33,10,11.519755842377196,15,0,20,1,"{""probability"": 99.61, ""message"": ""La probabilidad de ingresar al SNI es del 99.61%.""}"
29,7,11.081178081844143,18,0,31,1,"{""probability"": 97.59, ""message"": ""La probabilidad de ingresar al SNI es del 97.59%.""}"
16,9,7.151426504412223,16,1,43,1,"{""probability"": 99.53, ""message"": ""La probabilidad de ingresar al SNI es del 99.53%.""}"
15,8,11.455206543749268,7,0,44,1,"{""probability"": 95.49, ""message"": ""La probabilidad de ingresar al SNI es del 95.49%.""}"
8,11,5.423161408080545,16,1,42,1,"{""probability"": 99.15, ""message"": ""La probabilidad de ingresar al SNI es del 99.15%.""}"
18,7,7.505341834291867,6,0,28,1,"{""probability"": 69.51, ""message"": ""La probabilidad de ingresar al SNI es del 69.51%.""}"
31,5,7.442227093089363,19,1,32,1,"{""probability"": 99.3, ""message"": ""La probabilidad de ingresar al SNI es del 99.3%.""}"
31,13,2.2227239895943467,8,0,23,1,"{""probability"": 84.48, ""message"": ""La probabilidad de ingresar al SNI es del 84.48%.""}"
32,11,2.3539336041236805,7,0,11,1,"{""probability"": 73.07, ""message"": ""La probabilidad de ingresar al SNI es del 73.07%.""}"
28,5,4.3806151396195965,10,0,17,1,"{""probability"": 30.24, ""message"": ""La probabilidad de ingresar al SNI es del 30.24%.""}"
30,6,11.312917164608251,7,0,44,1,"{""probability"": 96.05, ""message"": ""La probabilidad de ingresar al SNI es del 96.05%.""}"
32,8,11.042753127961063,14,0,38,1,"{""probability"": 98.57, ""message"": ""La probabilidad de ingresar al SNI es del 98.57%.""}"
30,6,8.365851877159827,3,0,25,1,"{""probability"": 84.12, ""message"": ""La probabilidad de ingresar al SNI es del 84.12%.""}"
19,4,2.6655974236442743,18,0,33,1,"{""probability"": 5.98, ""message"": ""La probabilidad de ingresar al SNI es del 5.98%.""}"
32,5,11.52526079232388,12,0,15,1,"{""probability"": 96.23, ""message"": ""La probabilidad de ingresar al SNI es del 96.23%.""}"
8,5,2.660737308466869,17,0,46,1,"{""probability"": 3.92, ""message"": ""La probabilidad de ingresar al SNI es del 3.92%.""}"
8,10,7.056969937051605,10,0,31,1,"{""probability"": 77.49, ""message"": ""La probabilidad de ingresar al SNI es del 77.49%.""}"
19,3,8.204591054250038,9,0,37,1,"{""probability"": 38.26, ""message"": ""La probabilidad de ingresar al SNI es del 38.26%.""}"
26,6,9.097237154731342,11,0,30,1,"{""probability"": 86.78, ""message"": ""La probabilidad de ingresar al SNI es del 86.78%.""}"
32,6,11.25514755233166,19,0,38,1,"{""probability"": 97.22, ""message"": ""La probabilidad de ingresar al SNI es del 97.22%.""}"
27,5,5.436081618696637,8,0,18,1,"{""probability"": 40.19, ""message"": ""La probabilidad de ingresar al SNI es del 40.19%.""}"
21,9,5.74087462495649,13,1,40,1,"{""probability"": 99.29, ""message"": ""La probabilidad de ingresar al SNI es del 99.29%.""}"
29,7,7.434716361239457,9,1,45,1,"{""probability"": 99.57, ""message"": ""La probabilidad de ingresar al SNI es del 99.57%.""}"
28,4,4.49418451044653,10,0,38,1,"{""probability"": 21.18, ""message"": ""La probabilidad de ingresar al SNI es del 21.18%.""}"
28,5,7.479286107709141,12,1,18,1,"{""probability"": 99.1, ""message"": ""La probabilidad de ingresar al SNI es del 99.1%.""}"
9,9,5.479558292713203,8,0,29,1,"{""probability"": 50.46, ""message"": ""La probabilidad de ingresar al SNI es del 50.46%.""}"
9,7,11.292974570190584,8,0,14,1,"{""probability"": 90.51, ""message"": ""La probabilidad de ingresar al SNI es del 90.51%.""}"
10,6,5.0798528813791854,9,0,32,1,"{""probability"": 19.32, ""message"": ""La probabilidad de ingresar al SNI es del 19.32%.""}"
21,7,8.33989469985055,13,0,12,1,"{""probability"": 84.33, ""message"": ""La probabilidad de ingresar al SNI es del 84.33%.""}"
29,3,5.855074844801079,18,0,47,1,"{""probability"": 29.65, ""message"": ""La probabilidad de ingresar al SNI es del 29.65%.""}"
33,10,11.858973132098471,10,0,20,1,"{""probability"": 99.64, ""message"": ""La probabilidad de ingresar al SNI es del 99.64%.""}"
14,4,10.917714719597692,11,0,22,1,"{""probability"": 75.47, ""message"": ""La probabilidad de ingresar al SNI es del 75.47%.""}"
7,7,5.180188453772522,15,1,20,1,"{""probability"": 94.74, ""message"": ""La probabilidad de ingresar al SNI es del 94.74%.""}"
10,2,2.0564094307010974,7,1,16,1,"{""probability"": 30.05, ""message"": ""La probabilidad de ingresar al SNI es del 30.05%.""}"
6,10,4.962199276969123,16,0,43,1,"{""probability"": 51.2, ""message"": ""La probabilidad de ingresar al SNI es del 51.2%.""}"
10,7,6.936423815063314,15,0,33,1,"{""probability"": 52.15, ""message"": ""La probabilidad de ingresar al SNI es del 52.15%.""}"
33,4,5.36315653761639,4,1,32,1,"{""probability"": 96.45, ""message"": ""La probabilidad de ingresar al SNI es del 96.45%.""}"
14,6,8.585723312243076,5,0,14,1,"{""probability"": 67.0, ""message"": ""La probabilidad de ingresar al SNI es del 67.0%.""}"
20,4,5.31655077341742,18,0,16,1,"{""probability"": 22.89, ""message"": ""La probabilidad de ingresar al SNI es del 22.89%.""}"
32,4,5.282442951228073,12,0,43,1,"{""probability"": 35.48, ""message"": ""La probabilidad de ingresar al SNI es del 35.48%.""}"
33,3,10.959048252859064,15,1,43,1,"{""probability"": 99.74, ""message"": ""La probabilidad de ingresar al SNI es del 99.74%.""}"
7,8,4.907783962449625,18,0,18,1,"{""probability"": 34.77, ""message"": ""La probabilidad de ingresar al SNI es del 34.77%.""}"
15,7,7.921557295275154,17,0,21,1,"{""probability"": 74.24, ""message"": ""La probabilidad de ingresar al SNI es del 74.24%.""}"
9,6,7.203999864906868,3,1,22,1,"{""probability"": 96.86, ""message"": ""La probabilidad de ingresar al SNI es del 96.86%.""}"
8,5,4.5892743084130565,9,1,10,1,"{""probability"": 84.75, ""message"": ""La probabilidad de ingresar al SNI es del 84.75%.""}"
21,10,3.498025203491892,13,1,22,1,"{""probability"": 98.66, ""message"": ""La probabilidad de ingresar al SNI es del 98.66%.""}"
8,4,5.542675530679585,17,0,13,1,"{""probability"": 12.22, ""message"": ""La probabilidad de ingresar al SNI es del 12.22%.""}"
28,8,5.1881925838928105,13,1,46,1,"{""probability"": 99.1, ""message"": ""La probabilidad de ingresar al SNI es del 99.1%.""}"
32,8,5.595750876828701,5,0,37,1,"{""probability"": 77.19, ""message"": ""La probabilidad de ingresar al SNI es del 77.19%.""}"
28,10,10.12796938122116,13,0,13,1,"{""probability"": 98.83, ""message"": ""La probabilidad de ingresar al SNI es del 98.83%.""}"
7,6,7.335896002957664,5,1,24,1,"{""probability"": 96.7, ""message"": ""La probabilidad de ingresar al SNI es del 96.7%.""}"
10,8,11.738205955601448,17,0,19,1,"{""probability"": 95.85, ""message"": ""La probabilidad de ingresar al SNI es del 95.85%.""}"
22,6,5.023023032406163,5,0,29,1,"{""probability"": 34.39, ""message"": ""La probabilidad de ingresar al SNI es del 34.39%.""}"
28,11,4.480839589878104,3,0,25,1,"{""probability"": 84.3, ""message"": ""La probabilidad de ingresar al SNI es del 84.3%.""}"
26,9,2.438860681728662,13,1,45,1,"{""probability"": 97.23, ""message"": ""La probabilidad de ingresar al SNI es del 97.23%.""}"
30,8,10.62743785162485,10,0,34,1,"{""probability"": 97.84, ""message"": ""La probabilidad de ingresar al SNI es del 97.84%.""}"
22,7,6.778901810671402,11,0,32,1,"{""probability"": 69.15, ""message"": ""La probabilidad de ingresar al SNI es del 69.15%.""}"
31,8,4.957351541485348,11,0,33,1,"{""probability"": 71.94, ""message"": ""La probabilidad de ingresar al SNI es del 71.94%.""}"
7,7,2.2792061157141945,9,0,47,1,"{""probability"": 6.03, ""message"": ""La probabilidad de ingresar al SNI es del 6.03%.""}"
18,3,8.22903815160843,19,0,20,1,"{""probability"": 43.18, ""message"": ""La probabilidad de ingresar al SNI es del 43.18%.""}"
15,4,4.984236553244463,17,0,10,1,"{""probability"": 14.91, ""message"": ""La probabilidad de ingresar al SNI es del 14.91%.""}"
13,1,8.511761366236842,5,1,10,1,"{""probability"": 90.93, ""message"": ""La probabilidad de ingresar al SNI es del 90.93%.""}"
26,5,3.119694989963816,14,1,16,1,"{""probability"": 91.03, ""message"": ""La probabilidad de ingresar al SNI es del 91.03%.""}"
5,5,7.179742532701371,18,0,25,1,"{""probability"": 28.21, ""message"": ""La probabilidad de ingresar al SNI es del 28.21%.""}"
30,6,3.3697288083787207,6,0,41,1,"{""probability"": 27.52, ""message"": ""La probabilidad de ingresar al SNI es del 27.52%.""}"
8,9,8.541307646561245,10,0,25,1,"{""probability"": 83.25, ""message"": ""La probabilidad de ingresar al SNI es del 83.25%.""}"
8,9,9.363640093616612,7,1,28,1,"{""probability"": 99.71, ""message"": ""La probabilidad de ingresar al SNI es del 99.71%.""}"
24,10,10.01340032983239,7,0,14,1,"{""probability"": 98.15, ""message"": ""La probabilidad de ingresar al SNI es del 98.15%.""}"
6,7,9.93273205297252,9,1,28,1,"{""probability"": 99.43, ""message"": ""La probabilidad de ingresar al SNI es del 99.43%.""}"
12,7,10.77852793833786,12,1,45,1,"{""probability"": 99.76, ""message"": ""La probabilidad de ingresar al SNI es del 99.76%.""}"
11,7,10.61730341486036,15,0,21,1,"{""probability"": 89.49, ""message"": ""La probabilidad de ingresar al SNI es del 89.49%.""}"
8,7,10.101368743914334,8,0,22,1,"{""probability"": 82.06, ""message"": ""La probabilidad de ingresar al SNI es del 82.06%.""}"
6,11,4.494756577531398,4,1,44,1,"{""probability"": 98.01, ""message"": ""La probabilidad de ingresar al SNI es del 98.01%.""}"
12,4,10.755451280320967,19,0,38,1,"{""probability"": 72.4, ""message"": ""La probabilidad de ingresar al SNI es del 72.4%.""}"
23,11,6.857469031031407,12,0,14,1,"{""probability"": 94.15, ""message"": ""La probabilidad de ingresar al SNI es del 94.15%.""}"
33,5,3.3521447977170267,13,1,23,1,"{""probability"": 94.77, ""message"": ""La probabilidad de ingresar al SNI es del 94.77%.""}"
11,6,10.096457355925276,6,0,13,1,"{""probability"": 78.65, ""message"": ""La probabilidad de ingresar al SNI es del 78.65%.""}"
10,12,10.104991770941032,15,0,27,1,"{""probability"": 98.14, ""message"": ""La probabilidad de ingresar al SNI es del 98.14%.""}"
14,6,6.383598839103949,16,0,33,1,"{""probability"": 41.76, ""message"": ""La probabilidad de ingresar al SNI es del 41.76%.""}"
13,4,9.135788841366436,13,1,47,1,"{""probability"": 98.05, ""message"": ""La probabilidad de ingresar al SNI es del 98.05%.""}"
14,5,3.079141670889145,7,0,46,1,"{""probability"": 6.14, ""message"": ""La probabilidad de ingresar al SNI es del 6.14%.""}"
9,13,3.215998622593315,9,0,14,1,"{""probability"": 66.3, ""message"": ""La probabilidad de ingresar al SNI es del 66.3%.""}"
31,9,5.983145703972154,4,1,17,1,"{""probability"": 99.68, ""message"": ""La probabilidad de ingresar al SNI es del 99.68%.""}"
28,9,4.366949444348597,9,0,23,1,"{""probability"": 70.34, ""message"": ""La probabilidad de ingresar al SNI es del 70.34%.""}"
13,10,10.65160081892208,13,0,33,1,"{""probability"": 97.14, ""message"": ""La probabilidad de ingresar al SNI es del 97.14%.""}"
26,9,10.645622241937176,19,0,34,1,"{""probability"": 98.42, ""message"": ""La probabilidad de ingresar al SNI es del 98.42%.""}"
30,6,3.3994427155191023,5,0,18,1,"{""probability"": 29.7, ""message"": ""La probabilidad de ingresar al SNI es del 29.7%.""}"
23,9,5.109744792503318,11,0,10,1,"{""probability"": 72.86, ""message"": ""La probabilidad de ingresar al SNI es del 72.86%.""}"
9,7,6.505676290500064,17,0,36,1,"{""probability"": 45.27, ""message"": ""La probabilidad de ingresar al SNI es del 45.27%.""}"
17,10,3.233054716679205,10,0,21,1,"{""probability"": 48.43, ""message"": ""La probabilidad de ingresar al SNI es del 48.43%.""}"
33,5,3.1941803067121293,12,0,48,1,"{""probability"": 23.08, ""message"": ""La probabilidad de ingresar al SNI es del 23.08%.""}"
8,10,6.746669570723675,13,1,10,1,"{""probability"": 99.4, ""message"": ""La probabilidad de ingresar al SNI es del 99.4%.""}"
24,5,8.071247909200169,18,0,25,1,"{""probability"": 71.37, ""message"": ""La probabilidad de ingresar al SNI es del 71.37%.""}"
22,6,3.686224990610693,7,0,40,0,"{""probability"": 20.41, ""message"": ""La probabilidad de ingresar al SNI es del 20.41%.""}"
12,7,3.533966189619045,12,1,47,1,"{""probability"": 90.11, ""message"": ""La probabilidad de ingresar al SNI es del 90.11%.""}"
17,6,8.996595703389186,5,0,21,1,"{""probability"": 75.18, ""message"": ""La probabilidad de ingresar al SNI es del 75.18%.""}"
34,4,11.166435615178424,13,0,42,1,"{""probability"": 93.4, ""message"": ""La probabilidad de ingresar al SNI es del 93.4%.""}"
13,7,2.0124788150794486,10,0,40,1,"{""probability"": 8.34, ""message"": ""La probabilidad de ingresar al SNI es del 8.34%.""}"
26,7,9.651350343933778,5,0,14,1,"{""probability"": 92.93, ""message"": ""La probabilidad de ingresar al SNI es del 92.93%.""}"
28,5,2.1099835047676336,15,0,20,1,"{""probability"": 12.49, ""message"": ""La probabilidad de ingresar al SNI es del 12.49%.""}"
28,6,11.4093940211453,9,0,20,1,"{""probability"": 96.26, ""message"": ""La probabilidad de ingresar al SNI es del 96.26%.""}"
19,9,5.472807858772546,13,0,49,1,"{""probability"": 67.66, ""message"": ""La probabilidad de ingresar al SNI es del 67.66%.""}"
19,7,9.694624894896684,11,0,18,1,"{""probability"": 89.86, ""message"": ""La probabilidad de ingresar al SNI es del 89.86%.""}"
28,8,7.225494658307095,6,0,22,1,"{""probability"": 86.66, ""message"": ""La probabilidad de ingresar al SNI es del 86.66%.""}"
33,6,5.683098016036073,17,0,29,1,"{""probability"": 67.24, ""message"": ""La probabilidad de ingresar al SNI es del 67.24%.""}"
26,10,5.864608518521098,11,0,35,1,"{""probability"": 87.21, ""message"": ""La probabilidad de ingresar al SNI es del 87.21%.""}"
21,8,8.855009497602484,11,1,42,1,"{""probability"": 99.77, ""message"": ""La probabilidad de ingresar al SNI es del 99.77%.""}"
21,7,10.829719633171791,16,1,38,1,"{""probability"": 99.89, ""message"": ""La probabilidad de ingresar al SNI es del 99.89%.""}"
19,7,10.082118293126788,16,1,44,1,"{""probability"": 99.8, ""message"": ""La probabilidad de ingresar al SNI es del 99.8%.""}"
29,8,5.4464265137155845,16,1,28,1,"{""probability"": 99.36, ""message"": ""La probabilidad de ingresar al SNI es del 99.36%.""}"
20,6,9.623625637629308,13,0,14,1,"{""probability"": 86.23, ""message"": ""La probabilidad de ingresar al SNI es del 86.23%.""}"
22,10,3.6941717588643113,9,1,46,1,"{""probability"": 98.64, ""message"": ""La probabilidad de ingresar al SNI es del 98.64%.""}"
21,5,2.0091373437944875,16,0,14,1,"{""probability"": 7.86, ""message"": ""La probabilidad de ingresar al SNI es del 7.86%.""}"
19,8,8.891424528247514,4,1,31,1,"{""probability"": 99.72, ""message"": ""La probabilidad de ingresar al SNI es del 99.72%.""}"
19,10,2.8416826275941567,10,1,14,1,"{""probability"": 97.79, ""message"": ""La probabilidad de ingresar al SNI es del 97.79%.""}"
25,5,6.037229149700937,8,1,14,1,"{""probability"": 97.52, ""message"": ""La probabilidad de ingresar al SNI es del 97.52%.""}"
16,5,10.18956370219118,9,1,25,1,"{""probability"": 99.43, ""message"": ""La probabilidad de ingresar al SNI es del 99.43%.""}"
20,6,5.845928208103517,15,0,21,1,"{""probability"": 46.52, ""message"": ""La probabilidad de ingresar al SNI es del 46.52%.""}"
31,7,2.527893401775048,14,0,36,1,"{""probability"": 32.57, ""message"": ""La probabilidad de ingresar al SNI es del 32.57%.""}"
26,6,2.17947540051133,13,1,41,1,"{""probability"": 89.35, ""message"": ""La probabilidad de ingresar al SNI es del 89.35%.""}"
9,8,11.07130369579706,4,0,34,1,"{""probability"": 91.75, ""message"": ""La probabilidad de ingresar al SNI es del 91.75%.""}"
26,3,10.194831798689687,3,0,43,1,"{""probability"": 71.77, ""message"": ""La probabilidad de ingresar al SNI es del 71.77%.""}"
5,11,8.539860700298593,9,0,34,1,"{""probability"": 90.03, ""message"": ""La probabilidad de ingresar al SNI es del 90.03%.""}"
12,13,2.0847709567199684,15,0,16,1,"{""probability"": 59.94, ""message"": ""La probabilidad de ingresar al SNI es del 59.94%.""}"
6,3,9.642356357717834,8,0,35,1,"{""probability"": 33.63, ""message"": ""La probabilidad de ingresar al SNI es del 33.63%.""}"
7,8,6.323324265935716,8,1,37,1,"{""probability"": 97.63, ""message"": ""La probabilidad de ingresar al SNI es del 97.63%.""}"
15,6,2.830241498026507,3,0,48,1,"{""probability"": 8.1, ""message"": ""La probabilidad de ingresar al SNI es del 8.1%.""}"
23,2,9.55565279605019,17,0,13,1,"{""probability"": 58.45, ""message"": ""La probabilidad de ingresar al SNI es del 58.45%.""}"
12,6,8.936214622355715,15,0,39,1,"{""probability"": 69.23, ""message"": ""La probabilidad de ingresar al SNI es del 69.23%.""}"
31,5,4.125707493961624,12,1,45,1,"{""probability"": 95.4, ""message"": ""La probabilidad de ingresar al SNI es del 95.4%.""}"
12,9,5.246534965065804,4,0,47,1,"{""probability"": 48.89, ""message"": ""La probabilidad de ingresar al SNI es del 48.89%.""}"
8,10,11.617890386357487,16,1,41,1,"{""probability"": 99.95, ""message"": ""La probabilidad de ingresar al SNI es del 99.95%.""}"
31,9,3.162637615211315,18,1,39,1,"{""probability"": 98.81, ""message"": ""La probabilidad de ingresar al SNI es del 98.81%.""}"
11,7,10.157127766776922,9,0,19,1,"{""probability"": 85.82, ""message"": ""La probabilidad de ingresar al SNI es del 85.82%.""}"
6,4,8.50700869121856,14,0,36,1,"{""probability"": 32.51, ""message"": ""La probabilidad de ingresar al SNI es del 32.51%.""}"
13,6,4.244720928697416,19,0,11,1,"{""probability"": 20.34, ""message"": ""La probabilidad de ingresar al SNI es del 20.34%.""}"
25,12,7.692808812914704,10,0,27,1,"{""probability"": 97.59, ""message"": ""La probabilidad de ingresar al SNI es del 97.59%.""}"
22,4,7.757732140738061,3,0,45,1,"{""probability"": 44.92, ""message"": ""La probabilidad de ingresar al SNI es del 44.92%.""}"
18,9,2.4702106780571977,4,0,21,1,"{""probability"": 28.14, ""message"": ""La probabilidad de ingresar al SNI es del 28.14%.""}"
27,4,8.88571659393434,3,0,47,1,"{""probability"": 67.7, ""message"": ""La probabilidad de ingresar al SNI es del 67.7%.""}"
26,1,2.509692503636977,12,1,11,1,"{""probability"": 55.78, ""message"": ""La probabilidad de ingresar al SNI es del 55.78%.""}"
30,11,7.611669570981032,6,0,16,1,"{""probability"": 97.24, ""message"": ""La probabilidad de ingresar al SNI es del 97.24%.""}"
15,5,2.437510271875735,13,0,28,1,"{""probability"": 5.76, ""message"": ""La probabilidad de ingresar al SNI es del 5.76%.""}"
20,10,9.87054668088444,17,0,25,1,"{""probability"": 97.67, ""message"": ""La probabilidad de ingresar al SNI es del 97.67%.""}"
5,14,11.680700315319523,17,0,22,1,"{""probability"": 99.53, ""message"": ""La probabilidad de ingresar al SNI es del 99.53%.""}"
8,6,2.6796203728196804,15,0,48,1,"{""probability"": 5.75, ""message"": ""La probabilidad de ingresar al SNI es del 5.75%.""}"
22,9,10.7858808954953,4,0,39,1,"{""probability"": 97.39, ""message"": ""La probabilidad de ingresar al SNI es del 97.39%.""}"
24,8,9.841073484883612,19,0,23,1,"{""probability"": 96.02, ""message"": ""La probabilidad de ingresar al SNI es del 96.02%.""}"
12,11,6.106201125938767,14,1,32,1,"{""probability"": 99.56, ""message"": ""La probabilidad de ingresar al SNI es del 99.56%.""}"
12,0,3.73056709775274,11,0,21,1,"{""probability"": 1.07, ""message"": ""La probabilidad de ingresar al SNI es del 1.07%.""}"
28,13,9.41978641738858,18,1,31,1,"{""probability"": 99.99, ""message"": ""La probabilidad de ingresar al SNI es del 99.99%.""}"
26,7,9.349200237409535,15,0,16,1,"{""probability"": 93.03, ""message"": ""La probabilidad de ingresar al SNI es del 93.03%.""}"
24,9,8.637104565149558,14,0,14,1,"{""probability"": 94.99, ""message"": ""La probabilidad de ingresar al SNI es del 94.99%.""}"
27,7,5.120209358528121,8,0,11,1,"{""probability"": 58.59, ""message"": ""La probabilidad de ingresar al SNI es del 58.59%.""}"
19,10,6.544138285930448,3,0,20,1,"{""probability"": 84.44, ""message"": ""La probabilidad de ingresar al SNI es del 84.44%.""}"
34,10,2.123127524050407,19,1,33,1,"{""probability"": 98.98, ""message"": ""La probabilidad de ingresar al SNI es del 98.98%.""}"
24,4,5.37923978442502,13,0,38,1,"{""probability"": 25.22, ""message"": ""La probabilidad de ingresar al SNI es del 25.22%.""}"
10,7,6.875026115914672,3,1,41,1,"{""probability"": 97.53, ""message"": ""La probabilidad de ingresar al SNI es del 97.53%.""}"
6,11,4.576917351204136,11,1,29,1,"{""probability"": 98.43, ""message"": ""La probabilidad de ingresar al SNI es del 98.43%.""}"
